Workbook

Sheet 1_일정개요
A1: WBS 및 작업 계획서 — 일정 개요
A2: SW 프레임워크 · Week 11 과제 · 간트차트 형식
A3: 한국공학대학교 IT경영전공 | 2026학년도 1학기
A5: 프로젝트 정보
A6: 프로젝트명 | B6: [예시] 대학생 스터디 관리 시스템 — StudyMate
A7: 팀명 / 팀장 | B7: [예시] Framework Masters / 홍길동
A8: 팀원 | B8: [예시] 홍길동(팀장) · 김영희 · 이철수 · 박민지(발표자)
A9: 기술 스택 | B9: Spring Boot 3.5.x · Java 21 · MyBatis · MySQL · Thymeleaf
A10: GitHub 저장소 | B10: [예시] https://github.com/team1/studymate
A11: 프로젝트 시작일 | B11: 2026-05-04 (W09 월요일) · 5/1 근로자의 날 휴무 반영
A12: 프로젝트 종료일 | B12: 2026-06-21 (W15 일요일)
A13: 개발 기간 | B13: 7주 (W09~W15) · 금요일 수업 기준
A16: 주차별 마일스톤
A17: 주차 | B17: 기간 | C17: 마일스톤 | D17: 주요 산출물 | E17: 담당 | F17: 완료 여부
A18: W11 | B18: ~ 5/24 | C18: Service 완성 | D18: 페이징 · 검색 · 유효성 검증 | E18: 전원 | F18: 계획
A19: W12 | B19: ~ 5/31 | C19: MVP 완성 (선택: Docker) | D19: Must 기능 전체 동작 | E19: 전원 | F19: 계획
A20: W13 | B20: ~ 6/07 | C20: Should 기능 추가 | D20: 검색 · 페이징 · Could 기능 | E20: 전원 | F20: 계획
A21: W14 | B21: ~ 6/14 | C21: 중간 발표 | D21: 진행 상황 + 라이브 데모 | E21: 박민지 | F21: 계획
A22: W15 | B22: ~ 6/21 | C22: 최종 발표 ★ | D22: 발표자료 + 시연 | E22: 박민지 | F22: 계획
A25: 💡 '2_WBS' 시트: 간트차트 달력 · 작업 바 자동 표시 · 상태 업데이트하면 컬러 변경

Sheet 2_WBS
A1: WBS — 간트차트 (Work Breakdown Structure · Gantt Chart)
A2: ※ [예시] 행을 팀 작업으로 교체 · 시작일/종료일 입력 시 간트 바 자동 표시 (조건부 서식)
A4: ID | B4: 분류 | C4: 작업명 | D4: 담당자 | E4: 시작일 | F4: 종료일 | G4: 일수 | H4: 상태 | I4: W09 | N4: W10 | S4: W11 | X4: W12 | AC4: W13 | AH4: W14 | AM4: W15
I5: 월 | J5: 화 | K5: 수 | L5: 목 | M5: 금 | N5: 월 | O5: 화 | P5: 수 | Q5: 목 | R5: 금 | S5: 월 | T5: 화 | U5: 수 | V5: 목 | W5: 금 | X5: 월 | Y5: 화 | Z5: 수 | AA5: 목 | AB5: 금 | AC5: 월 | AD5: 화 | AE5: 수 | AF5: 목 | AG5: 금 | AH5: 월 | AI5: 화 | AJ5: 수 | AK5: 목 | AL5: 금 | AM5: 월 | AN5: 화 | AO5: 수 | AP5: 목 | AQ5: 금
I6: 5/4 | J6: 5/5 | K6: 5/6 | L6: 5/7 | M6: 5/8 | N6: 5/11 | O6: 5/12 | P6: 5/13 | Q6: 5/14 | R6: 5/15 | S6: 5/18 | T6: 5/19 | U6: 5/20 | V6: 5/21 | W6: 5/22 | X6: 5/25 | Y6: 5/26 | Z6: 5/27 | AA6: 5/28 | AB6: 5/29 | AC6: 6/1 | AD6: 6/2 | AE6: 6/3 | AF6: 6/4 | AG6: 6/5 | AH6: 6/8 | AI6: 6/9 | AJ6: 6/10 | AK6: 6/11 | AL6: 6/12 | AM6: 6/15 | AN6: 6/16 | AO6: 6/17 | AP6: 6/18 | AQ6: 6/19
A7: BE-001 | B7: 백엔드 | C7: 프로젝트 초기 세팅 (Spring Boot · Gradle · DB 연결) | D7: 홍길동 | E7: 05/04 | F7: 05/05 | G7: 2 | H7: 완료
A8: BE-002 | B8: 백엔드 | C8: User Mapper · Service · 회원가입 로직 | D8: 홍길동 | E8: 05/06 | F8: 05/12 | G8: 7 | H8: 진행 중
A9: BE-003 | B9: 백엔드 | C9: 로그인/로그아웃 · 세션 · 인터셉터 | D9: 홍길동 | E9: 05/13 | F9: 05/15 | G9: 3 | H9: 계획
A10: BE-004 | B10: 백엔드 | C10: Study Mapper · Service · CRUD | D10: 김영희 | E10: 05/11 | F10: 05/15 | G10: 5 | H10: 계획
A11: BE-005 | B11: 백엔드 | C11: StudyMember 참여/탈퇴 로직 | D11: 이철수 | E11: 05/14 | F11: 05/19 | G11: 6 | H11: 계획
A12: BE-006 | B12: 백엔드 | C12: Schedule Mapper · Service · CRUD | D12: 박민지 | E12: 05/18 | F12: 05/21 | G12: 4 | H12: 계획
A13: BE-007 | B13: 백엔드 | C13: 페이징 · 검색 로직 (Should) | D13: 김영희 | E13: 05/22 | F13: 05/26 | G13: 5 | H13: 계획
A14: FE-001 | B14: 프론트엔드 | C14: 공통 레이아웃 · 네비바 · CSS | D14: 이철수·박민지 | E14: 05/11 | F14: 05/12 | G14: 2 | H14: 계획
A15: FE-002 | B15: 프론트엔드 | C15: 로그인 · 회원가입 화면 (S-001·S-002) | D15: 이철수 | E15: 05/13 | F15: 05/14 | G15: 2 | H15: 계획
A16: FE-003 | B16: 프론트엔드 | C16: 메인 · 스터디 목록 (S-003) | D16: 박민지 | E16: 05/14 | F16: 05/18 | G16: 5 | H16: 계획
A17: FE-004 | B17: 프론트엔드 | C17: 스터디 상세 · 생성 (S-004·S-005) | D17: 박민지 | E17: 05/19 | F17: 05/21 | G17: 3 | H17: 계획
A18: FE-005 | B18: 프론트엔드 | C18: 일정 관리 화면 (S-006) | D18: 이철수 | E18: 05/20 | F18: 05/22 | G18: 3 | H18: 계획
... A23: DOC-003 | B23: 문서 | C23: 시연 영상 백업 녹화 | D23: 박민지 | E23: 06/15 | F23: 06/17 | G23: 3 | H23: 계획
A24: ★-001 | B24: 마일스톤 | C24: W14 중간 발표 | D24: 박민지 | E24: 06/12 | F24: 06/12 | G24: 1 | H24: 계획 | AL24: ★
A25: ★-002 | B25: 마일스톤 | C25: W15 최종 발표 ★ | D25: 박민지 | E25: 06/19 | F25: 06/19 | G25: 1 | H25: 계획 | AQ25: ★
A28: 범례 | C28: 백엔드 | E28: 프론트엔드 | G28: DB | I28: 문서 | K28: 마일스톤 ★
A30: 상태 | B30: 완료 ✓ | D30: 진행 중 | F30: 계획 | H30: 블록
A32: 💡 시작일 · 종료일 · 상태를 업데이트하면 '3_팀원별_집계' 시트가 자동 갱신됩니다. 간트 바는 수동 색칠 (팀 작업 수정 시 기존 컬러 유지)

Sheet 3_팀원별_집계
A1: 팀원별 작업량 집계
A2: ※ '2_WBS' 시트 담당자 · 상태 열을 기반으로 자동 계산
A4: 팀원 | B4: 역할 | C4: 담당 작업 수 | D4: 완료 수 | E4: 진행률
A5: 홍길동 | B5: 팀장 | C5: =COUNTIF('2_WBS'!D7:D25,"*홍길동*") -> 6 | D5: =COUNTIFS('2_WBS'!D7:D25,"*홍길동*",'2_WBS'!H7:H25,"완료") -> 2 | E5: =IFERROR(D5/C5,0) -> 0.33333333
A6: 김영희 | B6: 팀원 | C6: =COUNTIF('2_WBS'!D7:D25,"*김영희*") -> 3 | D6: =COUNTIFS('2_WBS'!D7:D25,"*김영희*",'2_WBS'!H7:H25,"완료") -> 1 | E6: =IFERROR(D6/C6,0) -> 0.33333333
A7: 이철수 | B7: 팀원 | C7: =COUNTIF('2_WBS'!D7:D25,"*이철수*") -> 4 | D7: =COUNTIFS('2_WBS'!D7:D25,"*이철수*",'2_WBS'!H7:H25,"완료") -> 0 | E7: =IFERROR(D7/C7,0) -> 0
A8: 박민지 | B8: 발표자 | C8: =COUNTIF('2_WBS'!D7:D25,"*박민지*") -> 8 | D8: =COUNTIFS('2_WBS'!D7:D25,"*박민지*",'2_WBS'!H7:H25,"완료") -> 0 | E8: =IFERROR(D8/C8,0) -> 0
A9: 전체 합계 | C9: =SUM(C5:C8) -> 21 | D9: =SUM(D5:D8) -> 3 | E9: =IFERROR(D9/C9,0) -> 0.14285714
A12: 분류별 집계
A13: 분류 | B13: 작업 수 | C13: 완료 수 | D13: 진행률
A14: 백엔드 | B14: =COUNTIF('2_WBS'!B7:B25,"백엔드") -> 7 | C14: =COUNTIFS('2_WBS'!B7:B25,"백엔드",'2_WBS'!H7:H25,"완료") -> 1 | D14: =IFERROR(C14/B14,0) -> 0.14285714
A15: 프론트엔드 | B15: =COUNTIF('2_WBS'!B7:B25,"프론트엔드") -> 5 | C15: =COUNTIFS('2_WBS'!B7:B25,"프론트엔드",'2_WBS'!H7:H25,"완료") -> 0 | D15: =IFERROR(C15/B15,0) -> 0
A16: DB | B16: =COUNTIF('2_WBS'!B7:B25,"DB") -> 2 | C16: =COUNTIFS('2_WBS'!B7:B25,"DB",'2_WBS'!H7:H25,"완료") -> 2 | D16: =IFERROR(C16/B16,0) -> 1
A17: 문서 | B17: =COUNTIF('2_WBS'!B7:B25,"문서") -> 3 | C17: =COUNTIFS('2_WBS'!B7:B25,"문서",'2_WBS'!H7:H25,"완료") -> 0 | D17: =IFERROR(C17/B17,0) -> 0
A18: 마일스톤 | B18: =COUNTIF('2_WBS'!B7:B25,"마일스톤") -> 2 | C18: =COUNTIFS('2_WBS'!B7:B25,"마일스톤",'2_WBS'!H7:H25,"완료") -> 0 | D18: =IFERROR(C18/B18,0) -> 0
A21: 💡 작업량이 편중되어 있다면 재분배 고려 · 진행률 낮은 팀원은 주간 회의에서 지원 논의

Sheet 4_리스크_관리
A1: 리스크 관리
A2: ※ 예상 가능한 문제와 대응 방안을 미리 정의 · 발생 시 '상태' 업데이트
A4: ID | B4: 리스크 | C4: 발생 가능성 | D4: 영향도 | E4: 대응 방안 | F4: 상태
A5: R-001 | B5: 팀원 일정 불일치 (시험·아르바이트) | C5: 중 | D5: 중 | E5: 주 1회 정기 회의 · Slack 체크인 · 비동기 협업 | F5: 모니터링
A6: R-002 | B6: MyBatis 매핑 오류 (Invalid bound statement) | C6: 중 | D6: 상 | E6: DB 연결 먼저 테스트 · namespace 철저히 확인 · 교수 질의 | F6: 모니터링
A7: R-003 | B7: 범위 확장 (기능 추가 욕심) | C7: 상 | D7: 상 | E7: Won't 항목 유지 · Should는 Must 완료 후에만 착수 | F7: 모니터링
A8: R-004 | B8: 발표 시연 에러 (라이브) | C8: 중 | D8: 상 | E8: W14 중간발표 시 전체 리허설 · 시연 영상 백업 녹화 | F8: 모니터링
A9: R-005 | B9: Git 충돌 (merge conflict) | C9: 중 | D9: 중 | E9: 브랜치 전략 준수 · PR 전 pull · 작업 단위 작게 | F9: 모니터링
A10: R-006 | B10: 팀원 이탈 · 기여도 급감 | C10: 하 | D10: 상 | E10: 주간 회의 참석 확인 · 기여도 낮은 팀원은 조기 논의 | F10: 모니터링

Sheet 5_협업_규칙
A1: 회의 · 협업 규칙
A3: 분류 | B3: 항목 | C3: 내용
A4: 회의 | B4: 정기 회의 일정 | C4: [예시] 매주 월요일 19:00 · Google Meet · 30분
A5: 회의 | B5: 회의록 작성 | C5: docs/meetings/YYYYMMDD.md 형식 · 팀장이 주도
A6: 회의 | B6: 진행 상태 공유 | C6: '2_WBS' 시트 작업 상태 업데이트 후 회의
A7: 회의 | B7: 긴급 상황 | C7: Slack / 카톡방 즉시 공유 · 24시간 내 응답
A9: Git | B9: 브랜치 전략 | C9: main (보호) + feature/기능명 · 완료 시 PR → 리뷰 → merge
A10: Git | B10: 커밋 메시지 | C10: [feat] 기능 추가 · [fix] 버그 수정 · [docs] 문서 · [refactor] 리팩토링
A11: Git | B11: PR 규칙 | C11: 최소 1명 리뷰 필수 · 본인 머지 금지
A12: Git | B12: 충돌 해결 | C12: pull 먼저 · 로컬에서 해결 후 push · 불확실하면 팀원과 상의
A14: 코드 | B14: 네이밍 규칙 | C14: Java: camelCase · 클래스 PascalCase · 상수 UPPER_SNAKE
A15: 코드 | B15: 한국어 주석 | C15: 핵심 로직에만 간결하게 · 코드로 설명 가능하면 주석 불필요
A16: 코드 | B16: 코드 리뷰 | C16: Must 기능 PR은 반드시 팀원 리뷰
... A21: 문서 | B21: 발표자료 | C21: docs/presentation/ 폴더에 W14 · W15 자료 보관
A25: ✅ 제출 전 체크리스트
A26: □ 프로젝트 일정 개요 작성 완료 ('1_일정개요' 시트)
A27: □ WBS 간트차트 작성 ('2_WBS' 시트) — [예시] 행을 팀 작업으로 교체
A28: □ 각 작업에 시작일 · 종료일 · 담당자 · 상태 기재
A29: □ 작업 ID 체계 준수 (BE- / FE- / DB- / DOC- / ★-)
A30: □ 간트 바 컬러 확인 (분류별 컬러 유지)
A31: □ 팀원별 작업량 확인 ('3_팀원별_집계' 시트) · 편중 여부 점검
A32: □ 리스크 3개 이상 작성 ('4_리스크_관리' 시트)
A33: □ 회의 · 협업 규칙 확정 ('5_협업_규칙' 시트)
A34: □ 파일명: WBS_팀명.xlsx
A35: □ docs/ 폴더에 복사본 업로드
